Date,Stock_Price,Oil_Price,NASDAQ_Index,Precipitation,New_cases
2017-04-03,42.45000076293945,50.2400016784668,5894.68017578125,3.490666666666667,False
2017-04-04,40.900001525878906,51.029998779296875,5898.60986328125,3.4859999999999998,False
2017-04-05,41.310001373291016,51.150001525878906,5864.47998046875,3.481333333333333,False
2017-04-06,41.720001220703125,51.70000076293945,5878.9501953125,3.4766666666666666,False
2017-04-07,41.810001373291016,52.2400016784668,5877.81005859375,3.472,False
2017-04-10,42.31999969482422,53.08000183105469,5880.93017578125,3.458,False
2017-04-11,43.93000030517578,53.400001525878906,5866.77001953125,3.453333333333333,False
2017-04-12,43.959999084472656,53.11000061035156,5836.16015625,3.4486666666666665,False
2017-04-13,43.349998474121094,53.18000030517578,5805.14990234375,3.444,False
2017-04-17,44.22999954223633,52.650001525878906,5856.7900390625,3.425333333333333,False
2017-04-18,43.810001373291016,52.40999984741211,5849.47021484375,3.4206666666666665,False
2017-04-19,44.400001525878906,50.439998626708984,5863.02978515625,3.416,False
2017-04-20,45.220001220703125,50.27000045776367,5916.77978515625,3.4113333333333333,False
2017-04-21,45.150001525878906,49.619998931884766,5910.52001953125,3.4066666666666667,False
2017-04-24,46.439998626708984,49.22999954223633,5983.81982421875,3.3926666666666665,False
2017-04-25,46.61000061035156,49.560001373291016,6025.490234375,3.388,False
2017-04-26,46.400001525878906,49.619998931884766,6025.22998046875,3.3833333333333333,False
2017-04-27,43.97999954223633,48.970001220703125,6048.93994140625,3.3786666666666667,False
2017-04-28,42.619998931884766,49.33000183105469,6047.60986328125,3.3739999999999997,False
2017-05-01,42.08000183105469,48.84000015258789,6091.60009765625,3.36,False
2017-05-02,43.869998931884766,47.65999984741211,6095.3701171875,3.3506451612903225,False
2017-05-03,43.91999816894531,47.81999969482422,6072.5498046875,3.341290322580645,False
2017-05-04,43.90999984741211,45.52000045776367,6075.33984375,3.331935483870968,False
2017-05-05,44.5099983215332,46.220001220703125,6100.759765625,3.32258064516129,False
2017-05-08,44.939998626708984,46.43000030517578,6102.66015625,3.294516129032258,False
2017-05-09,47.08000183105469,45.880001068115234,6120.58984375,3.2851612903225806,False
2017-05-10,47.29999923706055,47.33000183105469,6129.14013671875,3.2758064516129033,False
2017-05-11,46.540000915527344,47.83000183105469,6115.9599609375,3.2664516129032255,False
2017-05-12,45.83000183105469,47.84000015258789,6121.22998046875,3.257096774193548,False
2017-05-15,46.68000030517578,48.849998474121094,6149.669921875,3.229032258064516,False
2017-05-16,46.939998626708984,48.65999984741211,6169.8701171875,3.2196774193548388,False
2017-05-17,44.91999816894531,49.06999969482422,6011.240234375,3.210322580645161,False
2017-05-18,44.650001525878906,49.349998474121094,6055.1298828125,3.2009677419354836,False
2017-05-19,45.220001220703125,50.33000183105469,6083.7001953125,3.1916129032258063,False
2017-05-22,46.209999084472656,50.72999954223633,6133.6201171875,3.163548387096774,False
2017-05-23,46.65999984741211,51.470001220703125,6138.7099609375,3.1541935483870964,False
2017-05-24,46.77000045776367,51.36000061035156,6163.02001953125,3.144838709677419,False
2017-05-25,48.02000045776367,48.900001525878906,6205.259765625,3.1354838709677417,False
2017-05-26,48.7400016784668,49.79999923706055,6210.18994140625,3.1261290322580644,False
2017-05-30,47.959999084472656,49.65999984741211,6203.18994140625,3.0887096774193545,False
2017-05-31,48.40999984741211,48.31999969482422,6198.52001953125,3.079354838709677,False
2017-06-01,49.04999923706055,48.36000061035156,6246.830078125,3.07,False
2017-06-02,49.52000045776367,47.65999984741211,6305.7998046875,3.061,False
2017-06-05,49.7400016784668,47.400001525878906,6295.68017578125,3.034,False
2017-06-06,49.7400016784668,48.189998626708984,6275.06005859375,3.025,False
2017-06-07,50.86000061035156,45.720001220703125,6297.3798828125,3.016,False
2017-06-08,51.43000030517578,45.63999938964844,6321.759765625,3.0069999999999997,False
2017-06-09,50.27000045776367,45.83000183105469,6207.919921875,2.9979999999999998,False
2017-06-12,49.47999954223633,46.08000183105469,6175.4599609375,2.9709999999999996,False
2017-06-13,49.45000076293945,46.459999084472656,6220.3701171875,2.9619999999999997,False
2017-06-14,49.38999938964844,44.72999954223633,6194.89013671875,2.953,False
2017-06-15,49.11000061035156,44.459999084472656,6165.5,2.944,False
2017-06-16,48.790000915527344,44.7400016784668,6151.759765625,2.9349999999999996,False
2017-06-19,49.65999984741211,44.20000076293945,6239.009765625,2.908,False
2017-06-20,48.029998779296875,43.22999954223633,6188.02978515625,2.899,False
2017-06-21,48.43000030517578,42.529998779296875,6233.9501953125,2.8899999999999997,False
2017-06-22,48.970001220703125,42.7400016784668,6236.68994140625,2.881,False
2017-06-23,48.630001068115234,43.0099983215332,6265.25,2.872,False
2017-06-26,48.779998779296875,43.380001068115234,6247.14990234375,2.8449999999999998,False
2017-06-27,48.5,44.2400016784668,6146.6201171875,2.836,False
2017-06-28,49.25,44.7400016784668,6234.41015625,2.827,False
2017-06-29,49.619998931884766,44.93000030517578,6144.35009765625,2.8179999999999996,False
2017-06-30,50.31999969482422,46.040000915527344,6140.419921875,2.8089999999999997,False
2017-07-03,50.38999938964844,47.06999969482422,6110.06005859375,2.84,False
2017-07-05,51.2599983215332,45.130001068115234,6150.85986328125,2.88,False
2017-07-06,52.04999923706055,45.52000045776367,6089.4599609375,2.9,False
2017-07-07,53.029998779296875,44.22999954223633,6153.080078125,2.92,False
2017-07-10,52.65999984741211,44.400001525878906,6176.39013671875,2.98,False
2017-07-11,51.61000061035156,45.040000915527344,6193.2998046875,3.0,False
2017-07-12,53.79999923706055,45.4900016784668,6261.169921875,3.02,False
2017-07-13,53.810001373291016,46.08000183105469,6274.43994140625,3.04,False
2017-07-14,54.220001220703125,46.540000915527344,6312.47021484375,3.06,False
2017-07-17,53.869998931884766,46.02000045776367,6314.43017578125,3.12,False
2017-07-18,53.150001525878906,46.400001525878906,6344.31005859375,3.1399999999999997,False
2017-07-19,52.61000061035156,47.119998931884766,6385.0400390625,3.1599999999999997,False
2017-07-20,52.34000015258789,46.790000915527344,6390.0,3.1799999999999997,False
2017-07-21,51.90999984741211,45.77000045776367,6387.75,3.1999999999999997,False
2017-07-24,51.279998779296875,46.34000015258789,6410.81005859375,3.26,False
2017-07-25,50.61000061035156,47.88999938964844,6412.169921875,3.28,False
2017-07-26,51.0099983215332,48.75,6422.75,3.3,False
2017-07-27,50.0,49.040000915527344,6382.18994140625,3.32,False
2017-07-28,50.4900016784668,49.709999084472656,6374.68017578125,3.34,False
2017-07-31,50.439998626708984,50.16999816894531,6348.1201171875,3.4,False
2017-08-01,51.060001373291016,49.15999984741211,6362.93994140625,3.42,False
2017-08-02,50.45000076293945,49.59000015258789,6362.64990234375,3.3829032258064515,False
2017-08-03,50.54999923706055,49.029998779296875,6340.33984375,3.345806451612903,False
2017-08-04,50.79999923706055,49.58000183105469,6351.56005859375,3.3087096774193547,False
2017-08-07,50.58000183105469,49.38999938964844,6383.77001953125,3.1974193548387095,False
2017-08-08,50.0,49.16999816894531,6370.4599609375,3.160322580645161,False
2017-08-09,49.400001525878906,49.560001373291016,6352.330078125,3.1232258064516127,False
2017-08-10,48.54999923706055,48.59000015258789,6216.8701171875,3.0861290322580643,False
2017-08-11,48.349998474121094,48.81999969482422,6256.56005859375,3.049032258064516,False
2017-08-14,48.810001373291016,47.59000015258789,6340.22998046875,2.9377419354838707,False
2017-08-15,48.52000045776367,47.54999923706055,6333.009765625,2.9006451612903223,False
2017-08-16,48.40999984741211,46.779998779296875,6345.10986328125,2.863548387096774,False
2017-08-17,46.029998779296875,47.09000015258789,6221.91015625,2.8264516129032256,False
2017-08-18,45.54999923706055,48.5099983215332,6216.52978515625,2.789354838709677,False
2017-08-21,45.709999084472656,47.369998931884766,6213.1298828125,2.678064516129032,False
2017-08-22,45.40999984741211,47.63999938964844,6297.47998046875,2.6409677419354836,False
2017-08-23,43.970001220703125,48.40999984741211,6278.41015625,2.6038709677419356,False
2017-08-24,42.91999816894531,47.43000030517578,6271.330078125,2.566774193548387,False
2017-08-25,45.25,47.869998931884766,6265.64013671875,2.529677419354839,False
2017-08-28,44.95000076293945,46.56999969482422,6283.02001953125,2.4183870967741936,False
2017-08-29,44.560001373291016,46.439998626708984,6301.89013671875,2.381290322580645,False
2017-08-30,44.31999969482422,45.959999084472656,6368.31005859375,2.344193548387097,False
2017-08-31,44.7400016784668,47.22999954223633,6428.66015625,2.3070967741935484,False
2017-09-01,45.310001373291016,47.290000915527344,6435.330078125,2.27,False
2017-09-05,43.91999816894531,48.65999984741211,6375.56982421875,2.314,False
2017-09-06,44.310001373291016,49.15999984741211,6393.31005859375,2.325,False
2017-09-07,43.84000015258789,49.09000015258789,6397.8701171875,2.336,False
2017-09-08,43.599998474121094,47.47999954223633,6360.18994140625,2.347,False
2017-09-11,45.86000061035156,48.06999969482422,6432.259765625,2.38,False
2017-09-12,46.290000915527344,48.22999954223633,6454.27978515625,2.391,False
2017-09-13,47.0,49.29999923706055,6460.18994140625,2.402,False
2017-09-14,46.189998626708984,49.88999938964844,6429.080078125,2.4130000000000003,False
2017-09-15,46.0,49.88999938964844,6448.47021484375,2.424,False
2017-09-18,45.310001373291016,49.90999984741211,6454.64013671875,2.457,False
2017-09-19,44.380001068115234,49.47999954223633,6461.31982421875,2.468,False
2017-09-20,45.41999816894531,50.40999984741211,6456.0400390625,2.479,False
2017-09-21,46.290000915527344,50.54999923706055,6422.68994140625,2.49,False
2017-09-22,47.060001373291016,50.65999984741211,6426.919921875,2.501,False
2017-09-25,47.70000076293945,52.220001220703125,6370.58984375,2.5340000000000003,False
2017-09-26,47.58000183105469,51.880001068115234,6380.16015625,2.545,False
2017-09-27,46.849998474121094,52.13999938964844,6453.259765625,2.556,False
2017-09-28,47.4900016784668,51.560001373291016,6453.4501953125,2.567,False
2017-09-29,47.4900016784668,51.66999816894531,6495.9599609375,2.5780000000000003,False
2017-10-02,47.72999954223633,50.58000183105469,6516.72021484375,2.5683870967741935,False
2017-10-03,50.5099983215332,50.41999816894531,6531.7099609375,2.5367741935483874,False
2017-10-04,50.72999954223633,49.97999954223633,6534.6298828125,2.505161290322581,False
2017-10-05,50.560001373291016,50.790000915527344,6585.35986328125,2.4735483870967743,False
2017-10-06,51.29999923706055,49.290000915527344,6590.18017578125,2.4419354838709677,False
2017-10-09,50.599998474121094,49.58000183105469,6579.72998046875,2.3470967741935485,False
2017-10-10,53.029998779296875,50.91999816894531,6587.25,2.315483870967742,False
2017-10-11,52.83000183105469,51.29999923706055,6603.5498046875,2.2838709677419358,False
2017-10-12,52.650001525878906,50.599998474121094,6591.509765625,2.252258064516129,False
2017-10-13,52.70000076293945,51.45000076293945,6605.7998046875,2.2206451612903226,False
2017-10-16,52.27000045776367,51.869998931884766,6624.0,2.1258064516129034,False
2017-10-17,52.06999969482422,51.880001068115234,6623.66015625,2.094193548387097,False
2017-10-18,52.029998779296875,52.040000915527344,6624.22021484375,2.0625806451612902,False
2017-10-19,51.5099983215332,51.290000915527344,6605.06982421875,2.030967741935484,False
2017-10-20,51.93000030517578,51.470001220703125,6629.0498046875,1.9993548387096776,False
2017-10-23,50.97999954223633,51.900001525878906,6586.830078125,1.9045161290322583,False
2017-10-24,51.95000076293945,52.470001220703125,6598.43017578125,1.8729032258064517,False
2017-10-25,51.02000045776367,52.18000030517578,6563.89013671875,1.8412903225806452,False
2017-10-26,48.61000061035156,52.63999938964844,6556.77001953125,1.8096774193548388,False
2017-10-27,47.560001373291016,53.900001525878906,6701.259765625,1.7780645161290325,False
2017-10-30,47.25,54.150001525878906,6698.9599609375,1.683225806451613,False
2017-10-31,46.81999969482422,54.380001068115234,6727.669921875,1.6516129032258067,False
2017-11-01,47.84000015258789,54.29999923706055,6716.52978515625,1.62,False
2017-11-02,47.36000061035156,54.540000915527344,6714.93994140625,1.6190000000000002,False
2017-11-03,47.45000076293945,55.63999938964844,6764.43994140625,1.618,False
2017-11-06,47.5099983215332,57.349998474121094,6786.43994140625,1.6150000000000002,False
2017-11-07,46.459999084472656,57.20000076293945,6767.77978515625,1.614,False
2017-11-08,46.369998931884766,56.810001373291016,6789.1201171875,1.613,False
2017-11-09,45.77000045776367,57.16999816894531,6750.0498046875,1.612,False
2017-11-10,45.81999969482422,56.7400016784668,6750.93994140625,1.6110000000000002,False
2017-11-13,45.7400016784668,56.7599983215332,6757.60009765625,1.608,False
2017-11-14,45.810001373291016,55.70000076293945,6737.8701171875,1.6070000000000002,False
2017-11-15,47.189998626708984,55.33000183105469,6706.2099609375,1.606,False
2017-11-16,47.68000030517578,55.13999938964844,6793.2900390625,1.605,False
2017-11-17,47.38999938964844,56.54999923706055,6782.7900390625,1.604,False
2017-11-20,47.689998626708984,56.09000015258789,6790.7099609375,1.601,False
2017-11-21,48.650001525878906,56.83000183105469,6862.47998046875,1.6,False
2017-11-22,48.65999984741211,58.02000045776367,6867.35986328125,1.5990000000000002,False
2017-11-24,48.560001373291016,58.95000076293945,6889.16015625,1.597,False
2017-11-27,48.41999816894531,58.11000061035156,6878.52001953125,1.594,False
2017-11-28,49.220001220703125,57.9900016784668,6912.35986328125,1.593,False
2017-11-29,49.25,57.29999923706055,6824.39013671875,1.592,False
2017-11-30,50.4900016784668,57.400001525878906,6873.97021484375,1.5910000000000002,False
2017-12-01,49.0,58.36000061035156,6847.58984375,1.59,False
2017-12-04,49.93000030517578,57.470001220703125,6775.3701171875,1.6151612903225807,False
2017-12-05,49.470001220703125,57.619998931884766,6762.2099609375,1.6235483870967742,False
2017-12-06,49.61000061035156,55.959999084472656,6776.3798828125,1.6319354838709679,False
2017-12-07,50.880001068115234,56.689998626708984,6812.83984375,1.6403225806451613,False
2017-12-08,51.02000045776367,57.36000061035156,6840.080078125,1.6487096774193548,False
2017-12-11,51.29999923706055,57.9900016784668,6875.080078125,1.6738709677419357,False
2017-12-12,50.470001220703125,57.13999938964844,6862.31982421875,1.6822580645161291,False
2017-12-13,50.09000015258789,56.599998474121094,6875.7998046875,1.6906451612903226,False
2017-12-14,50.209999084472656,57.040000915527344,6856.52978515625,1.6990322580645163,False
2017-12-15,51.060001373291016,57.29999923706055,6936.580078125,1.7074193548387098,False
2017-12-18,51.4900016784668,57.15999984741211,6994.759765625,1.7325806451612904,False
2017-12-19,51.439998626708984,57.459999084472656,6963.85009765625,1.7409677419354839,False
2017-12-20,51.91999816894531,58.09000015258789,6960.9599609375,1.7493548387096776,False
2017-12-21,52.790000915527344,58.36000061035156,6965.35986328125,1.757741935483871,False
2017-12-22,52.59000015258789,58.470001220703125,6959.9599609375,1.7661290322580645,False
2017-12-26,52.849998474121094,59.970001220703125,6936.25,1.7996774193548388,False
2017-12-27,52.400001525878906,59.63999938964844,6939.33984375,1.8080645161290323,False
2017-12-28,52.459999084472656,59.84000015258789,6950.16015625,1.8164516129032258,False
2017-12-29,52.029998779296875,60.41999816894531,6903.39013671875,1.8248387096774195,False
2018-01-02,52.9900016784668,60.369998931884766,7006.89990234375,1.8835483870967742,False
2018-01-03,52.34000015258789,61.630001068115234,7065.52978515625,1.9170967741935485,False
2018-01-04,52.66999816894531,62.0099983215332,7077.91015625,1.9506451612903226,False
2018-01-05,52.650001525878906,61.439998626708984,7136.56005859375,1.984193548387097,False
2018-01-08,52.130001068115234,61.72999954223633,7157.39013671875,2.0848387096774195,False
2018-01-09,52.08000183105469,62.959999084472656,7163.580078125,2.118387096774194,False
2018-01-10,53.779998779296875,63.56999969482422,7153.56982421875,2.1519354838709677,False
2018-01-11,56.41999816894531,63.79999923706055,7211.77978515625,2.185483870967742,False
2018-01-12,58.470001220703125,64.30000305175781,7261.06005859375,2.2190322580645163,False
2018-01-16,57.97999954223633,63.72999954223633,7223.68994140625,2.353225806451613,False
2018-01-17,58.15999984741211,63.970001220703125,7298.27978515625,2.386774193548387,False
2018-01-18,58.34000015258789,63.95000076293945,7296.0498046875,2.4203225806451614,False
2018-01-19,58.060001373291016,63.369998931884766,7336.3798828125,2.4538709677419357,False
2018-01-22,58.099998474121094,63.4900016784668,7408.02978515625,2.554516129032258,False
2018-01-23,58.290000915527344,64.47000122070312,7460.2900390625,2.588064516129032,False
2018-01-24,54.790000915527344,65.61000061035156,7415.06005859375,2.6216129032258064,False
2018-01-25,53.04999923706055,65.51000213623047,7411.16015625,2.6551612903225807,False
2018-01-26,53.06999969482422,66.13999938964844,7505.77001953125,2.688709677419355,False
2018-01-29,52.68000030517578,65.55999755859375,7466.509765625,2.7893548387096776,False
2018-01-30,52.59000015258789,64.5,7402.47998046875,2.822903225806452,False
2018-01-31,54.31999969482422,64.7300033569336,7411.47998046875,2.856451612903226,False
2018-02-01,53.880001068115234,65.80000305175781,7385.85986328125,2.89,False
2018-02-02,52.099998474121094,65.44999694824219,7240.9501953125,2.875357142857143,False
2018-02-05,49.7599983215332,64.1500015258789,6967.52978515625,2.8314285714285714,False
2018-02-06,51.18000030517578,63.38999938964844,7115.8798828125,2.8167857142857144,False
2018-02-07,51.400001525878906,61.790000915527344,7051.97998046875,2.802142857142857,False
2018-02-08,48.599998474121094,61.150001525878906,6777.16015625,2.7875,False
2018-02-09,48.36000061035156,59.20000076293945,6874.490234375,2.772857142857143,False
2018-02-12,50.09000015258789,59.290000915527344,6981.9599609375,2.7289285714285714,False
2018-02-13,50.869998931884766,59.189998626708984,7013.509765625,2.7142857142857144,False
2018-02-14,51.06999969482422,60.599998474121094,7143.6201171875,2.699642857142857,False
2018-02-15,51.66999816894531,61.34000015258789,7256.43017578125,2.685,False
2018-02-16,51.58000183105469,61.68000030517578,7239.47021484375,2.670357142857143,False
2018-02-20,51.720001220703125,61.900001525878906,7234.31005859375,2.6117857142857144,False
2018-02-21,52.779998779296875,61.68000030517578,7218.22998046875,2.597142857142857,False
2018-02-22,52.97999954223633,62.77000045776367,7210.08984375,2.5825,False
2018-02-23,53.38999938964844,63.54999923706055,7337.39013671875,2.567857142857143,False
2018-02-26,55.0,63.90999984741211,7421.4599609375,2.5239285714285713,False
2018-02-27,54.2599983215332,63.0099983215332,7330.35009765625,2.5092857142857143,False
2018-02-28,54.25,61.63999938964844,7273.009765625,2.494642857142857,False
2018-03-01,53.47999954223633,60.9900016784668,7180.56005859375,2.48,False
2018-03-02,53.18000030517578,61.25,7257.8701171875,2.4793548387096775,False
2018-03-05,53.189998626708984,62.56999969482422,7330.7099609375,2.47741935483871,False
2018-03-06,53.56999969482422,62.599998474121094,7372.009765625,2.476774193548387,False
2018-03-07,54.11000061035156,61.150001525878906,7396.64990234375,2.4761290322580645,False
2018-03-08,54.790000915527344,60.119998931884766,7427.9501953125,2.475483870967742,False
2018-03-09,56.06999969482422,62.040000915527344,7560.81005859375,2.474838709677419,False
2018-03-12,56.5,61.36000061035156,7588.31982421875,2.4729032258064514,False
2018-03-13,56.22999954223633,60.709999084472656,7511.009765625,2.472258064516129,False
2018-03-14,55.279998779296875,60.959999084472656,7496.81005859375,2.4716129032258065,False
2018-03-15,55.16999816894531,61.189998626708984,7481.740234375,2.4709677419354836,False
2018-03-16,55.400001525878906,62.34000015258789,7481.990234375,2.470322580645161,False
2018-03-19,54.619998931884766,62.060001373291016,7344.240234375,2.4683870967741934,False
2018-03-20,55.31999969482422,63.400001525878906,7364.2998046875,2.467741935483871,False
2018-03-21,54.09000015258789,65.16999816894531,7345.2900390625,2.4670967741935486,False
2018-03-22,52.310001373291016,64.30000305175781,7166.68017578125,2.4664516129032257,False
2018-03-23,51.0099983215332,65.87999725341797,6992.669921875,2.4658064516129032,False
2018-03-26,51.86000061035156,65.55000305175781,7220.5400390625,2.4638709677419355,False
2018-03-27,50.900001525878906,65.25,7008.81005859375,2.463225806451613,False
2018-03-28,50.849998474121094,64.37999725341797,6949.22998046875,2.46258064516129,False
2018-03-29,51.959999084472656,64.94000244140625,7063.4501953125,2.4619354838709677,False
2018-04-02,49.779998779296875,63.0099983215332,6870.1201171875,2.478666666666667,False
2018-04-03,51.470001220703125,63.5099983215332,6941.27978515625,2.497333333333333,False
2018-04-04,52.040000915527344,63.369998931884766,7042.10986328125,2.516,False
2018-04-05,52.13999938964844,63.540000915527344,7076.5498046875,2.534666666666667,False
2018-04-06,50.290000915527344,62.060001373291016,6915.10986328125,2.5533333333333332,False
2018-04-09,49.81999969482422,63.41999816894531,6950.33984375,2.6093333333333333,False
2018-04-10,47.459999084472656,65.51000213623047,7094.2998046875,2.628,False
2018-04-11,45.400001525878906,66.81999969482422,7069.02978515625,2.6466666666666665,False
2018-04-12,46.56999969482422,67.06999969482422,7140.25,2.6653333333333333,False
2018-04-13,45.869998931884766,67.38999938964844,7106.64990234375,2.684,False
2018-04-16,46.400001525878906,66.22000122070312,7156.27978515625,2.74,False
2018-04-17,45.75,66.5199966430664,7281.10009765625,2.7586666666666666,False
2018-04-18,47.7599983215332,68.47000122070312,7295.240234375,2.7773333333333334,False
2018-04-19,46.880001068115234,68.29000091552734,7238.06005859375,2.796,False
2018-04-20,46.779998779296875,68.37999725341797,7146.1298828125,2.8146666666666667,False
2018-04-23,46.68000030517578,68.63999938964844,7128.60009765625,2.8706666666666667,False
2018-04-24,45.689998626708984,67.69999694824219,7007.35009765625,2.889333333333333,False
2018-04-25,45.25,68.05000305175781,7003.740234375,2.908,False
2018-04-26,42.369998931884766,68.19000244140625,7118.68017578125,2.9266666666666667,False
2018-04-27,43.400001525878906,68.0999984741211,7119.7998046875,2.945333333333333,False
2018-04-30,42.93000030517578,68.56999969482422,7066.27001953125,3.001333333333333,False
2018-05-01,43.36000061035156,67.25,7130.7001953125,3.02,False
2018-05-02,42.2400016784668,67.93000030517578,7100.89990234375,3.024193548387097,False
2018-05-03,42.11000061035156,68.43000030517578,7088.14990234375,3.0283870967741935,False
2018-05-04,42.86000061035156,69.72000122070312,7209.6201171875,3.0325806451612904,False
2018-05-07,42.439998626708984,70.7300033569336,7265.2099609375,3.0451612903225804,False
2018-05-08,43.0,69.05999755859375,7266.89990234375,3.0493548387096774,False
2018-05-09,41.5,71.13999938964844,7339.91015625,3.0535483870967743,False
2018-05-10,42.040000915527344,71.36000061035156,7404.97021484375,3.057741935483871,False
2018-05-11,42.599998474121094,70.69999694824219,7402.8798828125,3.061935483870968,False
2018-05-14,42.459999084472656,70.95999908447266,7411.31982421875,3.0745161290322582,False
2018-05-15,43.189998626708984,71.30999755859375,7351.6298828125,3.0787096774193548,False
2018-05-16,44.060001373291016,71.48999786376953,7398.2998046875,3.0829032258064517,False
2018-05-17,43.630001068115234,71.48999786376953,7382.47021484375,3.087096774193548,False
2018-05-18,43.380001068115234,71.27999877929688,7354.33984375,3.091290322580645,False
2018-05-21,44.279998779296875,72.23999786376953,7394.0400390625,3.1038709677419356,False
2018-05-22,42.880001068115234,72.12999725341797,7378.4599609375,3.108064516129032,False
2018-05-23,42.79999923706055,71.83999633789062,7425.9599609375,3.112258064516129,False
2018-05-24,43.560001373291016,70.70999908447266,7424.43017578125,3.1164516129032256,False
2018-05-25,44.90999984741211,67.87999725341797,7433.85009765625,3.1206451612903225,False
2018-05-29,43.59000015258789,66.7300033569336,7396.58984375,3.1374193548387095,False
2018-05-30,43.29999923706055,68.20999908447266,7462.4501953125,3.1416129032258064,False
2018-05-31,43.540000915527344,67.04000091552734,7442.1201171875,3.145806451612903,False
2018-06-01,44.0,65.80999755859375,7554.330078125,3.15,False
2018-06-04,44.86000061035156,64.75,7606.4599609375,3.121,False
2018-06-05,44.18000030517578,65.5199966430664,7637.85986328125,3.111333333333333,False
2018-06-06,44.189998626708984,64.7300033569336,7689.240234375,3.1016666666666666,False
2018-06-07,43.84000015258789,65.94999694824219,7635.06982421875,3.092,False
2018-06-08,43.11000061035156,65.73999786376953,7645.509765625,3.082333333333333,False
2018-06-11,44.15999984741211,66.0999984741211,7659.93017578125,3.0533333333333332,False
2018-06-12,43.40999984741211,66.36000061035156,7703.7900390625,3.0436666666666667,False
2018-06-13,42.91999816894531,66.63999938964844,7695.7001953125,3.034,False
2018-06-14,43.08000183105469,66.88999938964844,7761.0400390625,3.0243333333333333,False
2018-06-15,42.77000045776367,65.05999755859375,7746.3798828125,3.0146666666666664,False
2018-06-18,42.439998626708984,65.8499984741211,7747.02978515625,2.9856666666666665,False
2018-06-19,41.5099983215332,65.06999969482422,7725.58984375,2.976,False
2018-06-20,42.029998779296875,66.22000122070312,7781.509765625,2.966333333333333,False
2018-06-21,41.4900016784668,65.54000091552734,7712.9501953125,2.9566666666666666,False
2018-06-22,41.349998474121094,68.58000183105469,7692.81982421875,2.947,False
2018-06-25,39.68000030517578,68.08000183105469,7532.009765625,2.9179999999999997,False
2018-06-26,39.09000015258789,70.52999877929688,7561.6298828125,2.908333333333333,False
2018-06-27,38.2599983215332,72.76000213623047,7445.080078125,2.8986666666666667,False
2018-06-28,38.20000076293945,73.44999694824219,7503.68017578125,2.889,False
2018-06-29,37.959999084472656,74.1500015258789,7510.2998046875,2.8793333333333333,False
2018-07-02,38.36000061035156,73.94000244140625,7567.68994140625,2.8638709677419354,False
2018-07-03,37.75,74.13999938964844,7502.669921875,2.867741935483871,False
2018-07-05,37.9900016784668,72.94000244140625,7586.43017578125,2.875483870967742,False
2018-07-06,38.09000015258789,73.80000305175781,7688.39013671875,2.8793548387096775,False
2018-07-09,39.310001373291016,73.8499984741211,7756.2001953125,2.8909677419354836,False
2018-07-10,39.119998931884766,74.11000061035156,7759.2001953125,2.894838709677419,False
2018-07-11,35.959999084472656,70.37999725341797,7716.60986328125,2.8987096774193546,False
2018-07-12,36.33000183105469,70.33000183105469,7823.919921875,2.90258064516129,False
2018-07-13,37.119998931884766,71.01000213623047,7825.97998046875,2.9064516129032256,False
2018-07-16,37.279998779296875,68.05999755859375,7805.72021484375,2.918064516129032,False
2018-07-17,37.380001068115234,68.08000183105469,7855.1201171875,2.9219354838709677,False
2018-07-18,38.369998931884766,68.76000213623047,7854.43994140625,2.925806451612903,False
2018-07-19,38.130001068115234,69.45999908447266,7825.2998046875,2.9296774193548387,False
2018-07-20,37.880001068115234,70.45999908447266,7820.2001953125,2.9335483870967742,False
2018-07-23,38.040000915527344,67.88999938964844,7841.8701171875,2.945161290322581,False
2018-07-24,37.45000076293945,68.5199966430664,7840.77001953125,2.9490322580645163,False
2018-07-25,38.189998626708984,69.30000305175781,7932.240234375,2.9529032258064514,False
2018-07-26,40.02000045776367,69.61000061035156,7852.18017578125,2.956774193548387,False
2018-07-27,39.689998626708984,68.69000244140625,7737.419921875,2.9606451612903224,False
2018-07-30,38.970001220703125,70.12999725341797,7630.0,2.972258064516129,False
2018-07-31,39.540000915527344,68.76000213623047,7671.7900390625,2.9761290322580645,False
2018-08-01,38.13999938964844,67.66000366210938,7707.2900390625,2.98,False
2018-08-02,37.93000030517578,68.95999908447266,7802.68994140625,2.999032258064516,False
2018-08-03,38.41999816894531,68.48999786376953,7812.009765625,3.0180645161290323,False
2018-08-06,38.40999984741211,69.01000213623047,7859.68017578125,3.0751612903225807,False
2018-08-07,38.2599983215332,69.16999816894531,7883.66015625,3.094193548387097,False
2018-08-08,38.380001068115234,66.94000244140625,7888.330078125,3.113225806451613,False
2018-08-09,37.91999816894531,66.80999755859375,7891.77978515625,3.132258064516129,False
2018-08-10,37.2599983215332,67.62999725341797,7839.10986328125,3.1512903225806452,False
2018-08-13,36.790000915527344,67.19999694824219,7819.7099609375,3.2083870967741936,False
2018-08-14,37.09000015258789,67.04000091552734,7870.89013671875,3.22741935483871,False
2018-08-15,37.439998626708984,65.01000213623047,7774.1201171875,3.2464516129032255,False
2018-08-16,38.15999984741211,65.45999908447266,7806.52001953125,3.265483870967742,False
2018-08-17,37.790000915527344,65.91000366210938,7816.330078125,3.2845161290322578,False
2018-08-20,39.9900016784668,66.43000030517578,7821.009765625,3.341612903225806,False
2018-08-21,40.33000183105469,67.3499984741211,7859.169921875,3.3606451612903223,False
2018-08-22,39.189998626708984,67.86000061035156,7889.10009765625,3.3796774193548385,False
2018-08-23,38.83000183105469,67.83000183105469,7878.4599609375,3.3987096774193546,False
2018-08-24,38.81999969482422,68.72000122070312,7945.97998046875,3.4177419354838707,False
2018-08-27,39.52000045776367,68.87000274658203,8017.89990234375,3.474838709677419,False
2018-08-28,40.689998626708984,68.52999877929688,8030.0400390625,3.4938709677419353,False
2018-08-29,40.5,69.51000213623047,8109.68994140625,3.5129032258064514,False
2018-08-30,40.400001525878906,70.25,8088.35986328125,3.5319354838709676,False
2018-08-31,40.47999954223633,69.80000305175781,8109.5400390625,3.5509677419354837,False
2018-09-04,40.77000045776367,69.87000274658203,8091.25,3.556,False
2018-09-05,39.66999816894531,68.72000122070312,7995.169921875,3.551333333333333,False
2018-09-06,38.47999954223633,67.7699966430664,7922.72998046875,3.5466666666666664,False
2018-09-07,38.43000030517578,67.75,7902.5400390625,3.542,False
2018-09-10,39.43000030517578,67.54000091552734,7924.16015625,3.528,False
2018-09-11,40.18000030517578,69.25,7972.47021484375,3.5233333333333334,False
2018-09-12,39.2599983215332,70.37000274658203,7954.22998046875,3.518666666666667,False
2018-09-13,39.47999954223633,68.58999633789062,8013.7099609375,3.514,False
2018-09-14,39.7400016784668,68.98999786376953,8010.0400390625,3.509333333333333,False
2018-09-17,40.31999969482422,68.91000366210938,7895.7900390625,3.4953333333333334,False
2018-09-18,40.790000915527344,69.8499984741211,7956.10986328125,3.490666666666667,False
2018-09-19,41.599998474121094,71.12000274658203,7950.0400390625,3.486,False
2018-09-20,41.88999938964844,70.80000305175781,8028.22998046875,3.481333333333333,False
2018-09-21,43.599998474121094,70.77999877929688,7986.9599609375,3.4766666666666666,False
2018-09-24,41.97999954223633,72.08000183105469,7993.25,3.462666666666667,False
2018-09-25,40.810001373291016,72.27999877929688,8007.47021484375,3.458,False
2018-09-26,41.040000915527344,71.56999969482422,7990.3701171875,3.4533333333333336,False
2018-09-27,41.5,72.12000274658203,8041.97021484375,3.448666666666667,False
2018-09-28,41.33000183105469,73.25,8046.35009765625,3.444,False
2018-10-01,39.61000061035156,75.30000305175781,8037.2998046875,3.43,False
2018-10-02,38.5,75.2300033569336,7999.5498046875,3.406774193548387,False
2018-10-03,38.79999923706055,76.41000366210938,8025.08984375,3.3835483870967744,False
2018-10-04,37.91999816894531,74.33000183105469,7879.509765625,3.3603225806451613,False
2018-10-05,36.439998626708984,74.33999633789062,7788.4501953125,3.3370967741935487,False
2018-10-08,35.900001525878906,74.29000091552734,7735.9501953125,3.26741935483871,False
2018-10-09,33.54999923706055,74.95999908447266,7738.02001953125,3.2441935483870967,False
2018-10-10,31.610000610351562,73.16999816894531,7422.0498046875,3.220967741935484,False
2018-10-11,31.270000457763672,70.97000122070312,7329.06005859375,3.197741935483871,False
2018-10-12,30.90999984741211,71.33999633789062,7496.89013671875,3.1745161290322583,False
2018-10-15,31.780000686645508,71.77999877929688,7430.740234375,3.1048387096774195,False
2018-10-16,33.279998779296875,71.91999816894531,7645.490234375,3.0816129032258064,False
2018-10-17,33.56999969482422,69.75,7642.7001953125,3.0583870967741937,False
2018-10-18,32.060001373291016,68.6500015258789,7485.14013671875,3.0351612903225806,False
2018-10-19,32.040000915527344,69.12000274658203,7449.02978515625,3.0119354838709675,False
2018-10-22,32.15999984741211,69.16999816894531,7468.6298828125,2.942258064516129,False
2018-10-23,32.380001068115234,66.43000030517578,7437.5400390625,2.919032258064516,False
2018-10-24,30.34000015258789,66.81999969482422,7108.39990234375,2.895806451612903,False
2018-10-25,32.369998931884766,67.33000183105469,7318.33984375,2.8725806451612903,False
2018-10-26,32.459999084472656,67.58999633789062,7167.2099609375,2.8493548387096777,False
2018-10-29,32.599998474121094,67.04000091552734,7050.2900390625,2.779677419354839,False
2018-10-30,34.65999984741211,66.18000030517578,7161.64990234375,2.7564516129032257,False
2018-10-31,35.08000183105469,65.30999755859375,7305.89990234375,2.733225806451613,False
2018-11-01,36.369998931884766,63.689998626708984,7434.06005859375,2.71,False
2018-11-02,36.33000183105469,63.13999938964844,7356.990234375,2.7279999999999998,False
2018-11-05,35.720001220703125,63.099998474121094,7328.85009765625,2.782,False
2018-11-06,35.16999816894531,62.209999084472656,7375.9599609375,2.8,False
2018-11-07,36.970001220703125,61.66999816894531,7570.75,2.818,False
2018-11-08,36.86000061035156,60.66999816894531,7530.8798828125,2.836,False
2018-11-09,36.220001220703125,60.189998626708984,7406.89990234375,2.854,False
2018-11-12,36.86000061035156,59.93000030517578,7200.8701171875,2.908,False
2018-11-13,37.779998779296875,55.689998626708984,7200.8701171875,2.926,False
2018-11-14,38.11000061035156,56.25,7136.39013671875,2.944,False
2018-11-15,37.81999969482422,56.459999084472656,7259.02978515625,2.9619999999999997,False
2018-11-16,36.75,56.459999084472656,7247.8701171875,2.98,False
2018-11-19,35.81999969482422,56.7599983215332,7028.47998046875,3.034,False
2018-11-20,35.59000015258789,53.43000030517578,6908.81982421875,3.052,False
2018-11-21,36.310001373291016,54.630001068115234,6972.25,3.07,False
2018-11-23,37.95000076293945,50.41999816894531,6938.97998046875,3.106,False
2018-11-26,38.099998474121094,51.630001068115234,7081.85009765625,3.16,False
2018-11-27,38.290000915527344,51.560001373291016,7082.7001953125,3.178,False
2018-11-28,38.939998626708984,50.290000915527344,7291.58984375,3.196,False
2018-11-29,38.41999816894531,51.45000076293945,7273.080078125,3.214,False
2018-11-30,40.15999984741211,50.93000030517578,7330.5400390625,3.232,False
2018-12-03,39.650001525878906,52.95000076293945,7441.509765625,3.205483870967742,False
2018-12-04,36.689998626708984,53.25,7158.43017578125,3.183225806451613,False
2018-12-06,36.939998626708984,51.4900016784668,7188.259765625,3.138709677419355,False
2018-12-07,33.56999969482422,52.61000061035156,6969.25,3.1164516129032256,False
2018-12-10,33.84000015258789,51.0,7020.52001953125,3.049677419354839,False
2018-12-11,34.099998474121094,51.650001525878906,7031.830078125,3.0274193548387096,False
2018-12-12,34.349998474121094,51.150001525878906,7098.31005859375,3.005161290322581,False
2018-12-13,32.459999084472656,52.58000183105469,7070.330078125,2.9829032258064516,False
2018-12-14,32.40999984741211,51.20000076293945,6910.66015625,2.960645161290323,False
2018-12-17,32.040000915527344,49.880001068115234,6753.72998046875,2.8938709677419356,False
2018-12-18,33.540000915527344,46.2400016784668,6783.91015625,2.8716129032258064,False
2018-12-19,32.41999816894531,47.20000076293945,6636.830078125,2.8493548387096777,False
2018-12-20,31.889999389648438,45.880001068115234,6528.41015625,2.8270967741935484,False
2018-12-21,30.780000686645508,45.59000015258789,6332.990234375,2.804838709677419,False
2018-12-24,29.719999313354492,42.529998779296875,6192.919921875,2.7380645161290325,False
2018-12-26,32.290000915527344,46.220001220703125,6554.35986328125,2.693548387096774,False
2018-12-27,32.040000915527344,44.61000061035156,6579.490234375,2.6712903225806452,False
2018-12-28,31.829999923706055,45.33000183105469,6584.52001953125,2.649032258064516,False
2018-12-31,32.11000061035156,45.40999984741211,6635.27978515625,2.582258064516129,False
2019-01-02,32.47999954223633,46.540000915527344,6665.93994140625,2.583225806451613,False
2019-01-03,30.059999465942383,47.09000015258789,6463.5,2.606451612903226,False
2019-01-04,32.040000915527344,47.959999084472656,6738.85986328125,2.629677419354839,False
2019-01-07,32.95000076293945,48.52000045776367,6823.47021484375,2.6993548387096773,False
2019-01-08,32.41999816894531,49.779998779296875,6897.0,2.7225806451612904,False
2019-01-09,33.41999816894531,52.36000061035156,6957.080078125,2.745806451612903,False
2019-01-10,32.040000915527344,52.59000015258789,6986.06982421875,2.769032258064516,False
2019-01-11,31.799999237060547,51.59000015258789,6971.47998046875,2.792258064516129,False
2019-01-14,31.709999084472656,50.5099983215332,6905.919921875,2.8619354838709676,False
2019-01-15,32.099998474121094,52.11000061035156,7023.830078125,2.8851612903225807,False
2019-01-16,32.84000015258789,52.310001373291016,7034.68994140625,2.9083870967741934,False
2019-01-17,33.58000183105469,52.06999969482422,7084.4599609375,2.9316129032258065,False
2019-01-18,33.970001220703125,53.79999923706055,7157.22998046875,2.954838709677419,False
2019-01-22,32.7400016784668,52.56999969482422,7020.35986328125,3.047741935483871,False
2019-01-23,31.649999618530273,52.619998931884766,7025.77001953125,3.0709677419354837,False
2019-01-24,33.65999984741211,53.130001068115234,7073.4599609375,3.0941935483870964,False
2019-01-25,34.97999954223633,53.689998626708984,7164.85986328125,3.1174193548387095,False
2019-01-28,36.56999969482422,51.9900016784668,7085.68017578125,3.1870967741935483,False
2019-01-29,36.290000915527344,53.310001373291016,7028.2900390625,3.210322580645161,False
2019-01-30,36.34000015258789,54.22999954223633,7183.080078125,3.233548387096774,False
2019-01-31,35.77000045776367,53.790000915527344,7281.740234375,3.2567741935483867,False
2019-02-01,36.11000061035156,55.2599983215332,7263.8701171875,3.28,False
2019-02-04,36.779998779296875,54.560001373291016,7347.5400390625,3.1685714285714286,False
2019-02-05,36.93000030517578,53.65999984741211,7402.080078125,3.1314285714285712,False
2019-02-06,36.7599983215332,54.0099983215332,7375.27978515625,3.0942857142857143,False
2019-02-07,36.16999816894531,52.63999938964844,7288.35009765625,3.057142857142857,False
2019-02-08,36.0,52.720001220703125,7298.2001953125,3.02,False
2019-02-11,36.59000015258789,52.40999984741211,7307.89990234375,2.9085714285714284,False
2019-02-12,35.75,53.099998474121094,7414.6201171875,2.8714285714285714,False
2019-02-13,36.209999084472656,53.900001525878906,7420.3798828125,2.834285714285714,False
2019-02-14,36.11000061035156,54.40999984741211,7426.9501953125,2.797142857142857,False
2019-02-15,35.04999923706055,55.59000015258789,7472.41015625,2.76,False
2019-02-19,35.470001220703125,56.09000015258789,7486.77001953125,2.611428571428571,False
2019-02-20,35.060001373291016,56.91999816894531,7489.06982421875,2.5742857142857143,False
2019-02-21,34.97999954223633,56.959999084472656,7459.7099609375,2.5371428571428574,False
2019-02-22,35.4900016784668,57.2599983215332,7527.5400390625,2.5,False
2019-02-25,35.900001525878906,55.47999954223633,7554.4599609375,2.388571428571429,False
2019-02-26,36.25,55.5,7549.2998046875,2.3514285714285714,False
2019-02-27,35.689998626708984,56.939998626708984,7554.509765625,2.3142857142857145,False
2019-02-28,35.630001068115234,57.220001220703125,7532.52978515625,2.2771428571428576,False
2019-03-01,34.63999938964844,55.79999923706055,7595.35009765625,2.24,False
2019-03-04,33.720001220703125,56.59000015258789,7577.56982421875,2.3338709677419356,False
2019-03-05,33.22999954223633,56.560001373291016,7576.35986328125,2.3651612903225807,False
2019-03-06,32.7599983215332,56.220001220703125,7505.919921875,2.396451612903226,False
2019-03-07,32.220001220703125,56.65999984741211,7421.4599609375,2.427741935483871,False
2019-03-08,31.90999984741211,56.06999969482422,7408.14013671875,2.459032258064516,False
2019-03-11,32.04999923706055,56.790000915527344,7558.06005859375,2.552903225806452,False
2019-03-12,30.920000076293945,56.869998931884766,7591.02978515625,2.584193548387097,False
2019-03-13,31.84000015258789,58.2599983215332,7643.41015625,2.615483870967742,False
2019-03-14,32.130001068115234,58.61000061035156,7630.91015625,2.6467741935483873,False
2019-03-15,31.43000030517578,58.52000045776367,7688.52978515625,2.6780645161290324,False
2019-03-18,31.3799991607666,59.09000015258789,7714.47998046875,2.7719354838709678,False
2019-03-19,31.59000015258789,59.029998779296875,7723.9501953125,2.803225806451613,False
2019-03-20,30.959999084472656,59.83000183105469,7728.97021484375,2.834516129032258,False
2019-03-21,31.450000762939453,59.97999954223633,7838.9599609375,2.865806451612903,False
2019-03-22,30.56999969482422,59.040000915527344,7642.669921875,2.8970967741935483,False
2019-03-25,30.209999084472656,58.81999969482422,7637.5400390625,2.990967741935484,False
2019-03-26,30.209999084472656,59.939998626708984,7691.52001953125,3.022258064516129,False
2019-03-27,30.940000534057617,59.40999984741211,7643.3798828125,3.0535483870967743,False
2019-03-28,30.899999618530273,59.29999923706055,7669.169921875,3.0848387096774195,False
2019-03-29,31.760000228881836,60.13999938964844,7729.31982421875,3.1161290322580646,False
2019-04-01,32.349998474121094,61.59000015258789,7828.91015625,3.21,False
2019-04-02,32.9900016784668,62.58000183105469,7848.68994140625,3.222,False
2019-04-03,33.709999084472656,62.459999084472656,7895.5498046875,3.234,False
2019-04-04,33.93000030517578,62.099998474121094,7891.77978515625,3.246,False
2019-04-05,34.060001373291016,63.08000183105469,7938.68994140625,3.258,False
2019-04-08,33.880001068115234,64.4000015258789,7953.8798828125,3.294,False
2019-04-09,33.310001373291016,63.97999954223633,7909.27978515625,3.306,False
2019-04-10,34.02000045776367,64.61000061035156,7964.240234375,3.318,False
2019-04-11,34.810001373291016,63.58000183105469,7947.35986328125,3.33,False
2019-04-12,34.689998626708984,63.88999938964844,7984.16015625,3.342,False
2019-04-15,33.75,63.400001525878906,7976.009765625,3.378,False
2019-04-16,34.029998779296875,64.05000305175781,8000.22998046875,3.3899999999999997,False
2019-04-17,34.380001068115234,63.7599983215332,7996.080078125,3.402,False
2019-04-18,34.369998931884766,64.0,7998.06005859375,3.4139999999999997,False
2019-04-22,33.47999954223633,65.69999694824219,8015.27001953125,3.4619999999999997,False
2019-04-23,33.970001220703125,66.30000305175781,8120.81982421875,3.4739999999999998,False
2019-04-24,33.9900016784668,65.88999938964844,8102.009765625,3.4859999999999998,False
2019-04-25,33.40999984741211,65.20999908447266,8118.68017578125,3.4979999999999998,False
2019-04-26,33.060001373291016,63.29999923706055,8146.39990234375,3.51,False
2019-04-29,33.77000045776367,63.5,8161.85009765625,3.546,False
2019-04-30,34.18000030517578,63.90999984741211,8095.39013671875,3.558,False
2019-05-01,33.90999984741211,63.599998474121094,8049.64013671875,3.57,False
2019-05-02,33.95000076293945,61.810001373291016,8036.77001953125,3.563548387096774,False
2019-05-03,34.790000915527344,61.939998626708984,8164.0,3.5570967741935484,False
2019-05-06,34.75,62.25,8123.2900390625,3.537741935483871,False
2019-05-07,33.90999984741211,61.400001525878906,7963.759765625,3.531290322580645,False
2019-05-08,33.75,62.119998931884766,7943.31982421875,3.5248387096774194,False
2019-05-09,33.95000076293945,61.70000076293945,7910.58984375,3.5183870967741933,False
2019-05-10,33.9900016784668,61.65999984741211,7916.93994140625,3.5119354838709675,False
2019-05-13,32.13999938964844,61.040000915527344,7647.02001953125,3.4925806451612904,False
2019-05-14,32.34000015258789,61.779998779296875,7734.490234375,3.4861290322580643,False
2019-05-15,32.15999984741211,62.02000045776367,7822.14990234375,3.4796774193548385,False
2019-05-16,32.31999969482422,62.869998931884766,7898.0498046875,3.473225806451613,False
2019-05-17,31.739999771118164,62.7599983215332,7816.27978515625,3.466774193548387,False
2019-05-20,30.959999084472656,63.099998474121094,7702.3798828125,3.4474193548387095,False
2019-05-21,31.299999237060547,62.9900016784668,7785.72021484375,3.440967741935484,False
2019-05-22,29.920000076293945,61.41999816894531,7750.83984375,3.434516129032258,False
2019-05-23,29.5,57.90999984741211,7628.27978515625,3.4280645161290324,False
2019-05-24,29.170000076293945,58.630001068115234,7637.009765625,3.4216129032258067,False
2019-05-28,28.729999542236328,59.13999938964844,7607.35009765625,3.3958064516129034,False
2019-05-29,28.40999984741211,58.810001373291016,7547.31005859375,3.3893548387096777,False
2019-05-30,28.170000076293945,56.59000015258789,7567.72021484375,3.3829032258064515,False
2019-05-31,27.229999542236328,53.5,7453.14990234375,3.376451612903226,False
2019-06-03,27.200000762939453,53.25,7333.02001953125,3.3293333333333335,False
2019-06-04,29.1200008392334,53.47999954223633,7527.1201171875,3.309,False
2019-06-05,30.360000610351562,51.68000030517578,7575.47998046875,3.288666666666667,False
2019-06-06,30.3799991607666,52.59000015258789,7615.5498046875,3.2683333333333335,False
2019-06-07,30.920000076293945,53.9900016784668,7742.10009765625,3.248,False
2019-06-10,30.760000228881836,53.2599983215332,7823.169921875,3.187,False
2019-06-11,30.579999923706055,53.27000045776367,7822.56982421875,3.1666666666666665,False
2019-06-12,31.100000381469727,51.13999938964844,7792.72021484375,3.146333333333333,False
2019-06-13,33.09000015258789,52.279998779296875,7837.1298828125,3.126,False
2019-06-14,32.68000030517578,52.5099983215332,7796.66015625,3.1056666666666666,False
2019-06-17,32.560001373291016,51.93000030517578,7845.02001953125,3.0446666666666666,False
2019-06-18,32.52000045776367,53.900001525878906,7953.8798828125,3.0243333333333333,False
2019-06-19,33.209999084472656,53.7599983215332,7987.31982421875,3.004,False
2019-06-20,32.150001525878906,56.650001525878906,8051.33984375,2.9836666666666667,False
2019-06-21,31.56999969482422,57.43000030517578,8031.7099609375,2.9633333333333334,False
2019-06-24,31.81999969482422,57.900001525878906,8005.7001953125,2.902333333333333,False
2019-06-25,31.260000228881836,57.83000183105469,7884.72021484375,2.8819999999999997,False
2019-06-26,31.459999084472656,59.380001068115234,7909.97021484375,2.8616666666666664,False
2019-06-27,32.150001525878906,59.43000030517578,7967.759765625,2.841333333333333,False
2019-06-28,32.61000061035156,58.470001220703125,8006.240234375,2.8209999999999997,False
2019-07-01,32.880001068115234,59.09000015258789,8091.16015625,2.76,False
2019-07-02,32.189998626708984,56.25,8109.08984375,2.7606451612903222,False
2019-07-03,32.720001220703125,57.34000015258789,8170.22998046875,2.761290322580645,False
2019-07-05,32.459999084472656,57.5099983215332,8161.7900390625,2.76258064516129,False
2019-07-08,32.790000915527344,57.65999984741211,8098.3798828125,2.7645161290322577,False
2019-07-09,32.36000061035156,57.83000183105469,8141.72998046875,2.7651612903225806,False
2019-07-10,32.939998626708984,60.43000030517578,8202.5302734375,2.765806451612903,False
2019-07-11,33.029998779296875,60.20000076293945,8196.0400390625,2.7664516129032255,False
2019-07-12,33.779998779296875,60.209999084472656,8244.1396484375,2.7670967741935484,False
2019-07-15,33.61000061035156,59.58000183105469,8258.1904296875,2.769032258064516,False
2019-07-16,34.220001220703125,57.619998931884766,8222.7998046875,2.7696774193548386,False
2019-07-17,33.2599983215332,56.779998779296875,8185.2099609375,2.770322580645161,False
2019-07-18,33.7400016784668,55.29999923706055,8207.240234375,2.7709677419354835,False
2019-07-19,33.08000183105469,55.630001068115234,8146.490234375,2.7716129032258063,False
2019-07-22,32.900001525878906,56.220001220703125,8204.1396484375,2.773548387096774,False
2019-07-23,33.72999954223633,56.77000045776367,8251.400390625,2.7741935483870965,False
2019-07-24,34.59000015258789,55.880001068115234,8321.5,2.774838709677419,False
2019-07-25,31.670000076293945,56.02000045776367,8238.5400390625,2.775483870967742,False
2019-07-26,31.239999771118164,56.20000076293945,8330.2099609375,2.7761290322580643,False
2019-07-29,30.739999771118164,56.869998931884766,8293.330078125,2.778064516129032,False
2019-07-30,30.709999084472656,58.04999923706055,8273.6103515625,2.7787096774193545,False
2019-07-31,30.510000228881836,58.58000183105469,8175.419921875,2.7793548387096774,False
2019-08-01,29.84000015258789,53.95000076293945,8111.1201171875,2.78,False
2019-08-02,29.450000762939453,55.65999984741211,8004.06982421875,2.769354838709677,False
2019-08-05,28.530000686645508,54.689998626708984,7726.0400390625,2.7374193548387096,False
2019-08-06,28.360000610351562,53.630001068115234,7833.27001953125,2.726774193548387,False
2019-08-07,28.6299991607666,51.09000015258789,7862.830078125,2.7161290322580642,False
2019-08-08,29.079999923706055,52.540000915527344,8039.16015625,2.705483870967742,False
2019-08-09,28.780000686645508,54.5,7959.14013671875,2.6948387096774193,False
2019-08-12,27.639999389648438,54.93000030517578,7863.41015625,2.6629032258064513,False
2019-08-13,27.510000228881836,57.099998474121094,8016.35986328125,2.652258064516129,False
2019-08-14,26.100000381469727,55.22999954223633,7773.93994140625,2.6416129032258064,False
2019-08-15,25.40999984741211,54.470001220703125,7766.6201171875,2.6309677419354838,False
2019-08-16,25.790000915527344,54.869998931884766,7895.990234375,2.620322580645161,False
2019-08-19,26.100000381469727,56.209999084472656,8002.81005859375,2.5883870967741935,False
2019-08-20,25.829999923706055,56.34000015258789,7948.56005859375,2.577741935483871,False
2019-08-21,26.420000076293945,55.68000030517578,8020.2099609375,2.5670967741935486,False
2019-08-22,26.530000686645508,55.349998474121094,7991.39013671875,2.556451612903226,False
2019-08-23,25.420000076293945,54.16999816894531,7751.77001953125,2.5458064516129033,False
2019-08-26,25.190000534057617,53.63999938964844,7853.740234375,2.5138709677419357,False
2019-08-27,24.450000762939453,54.93000030517578,7826.9501953125,2.503225806451613,False
2019-08-28,25.329999923706055,55.779998779296875,7856.8798828125,2.4925806451612904,False
2019-08-29,26.31999969482422,56.709999084472656,7973.39013671875,2.4819354838709677,False
2019-08-30,26.309999465942383,55.099998474121094,7962.8798828125,2.4712903225806455,False
2019-09-03,26.510000228881836,53.939998626708984,7874.16015625,2.4993333333333334,False
2019-09-04,27.0,56.2599983215332,7976.8798828125,2.524,False
2019-09-05,27.690000534057617,56.29999923706055,8116.830078125,2.5486666666666666,False
2019-09-06,27.790000915527344,56.52000045776367,8103.06982421875,2.5733333333333333,False
2019-09-09,28.440000534057617,57.849998474121094,8087.43994140625,2.6473333333333335,False
2019-09-10,29.1200008392334,57.400001525878906,8084.16015625,2.672,False
2019-09-11,29.760000228881836,55.75,8169.68017578125,2.6966666666666668,False
2019-09-12,29.940000534057617,55.09000015258789,8194.4697265625,2.7213333333333334,False
2019-09-13,29.950000762939453,54.849998474121094,8176.7099609375,2.746,False
2019-09-16,27.770000457763672,62.900001525878906,8153.5400390625,2.8200000000000003,False
2019-09-17,28.639999389648438,59.34000015258789,8186.02001953125,2.844666666666667,False
2019-09-18,28.600000381469727,58.11000061035156,8177.39013671875,2.8693333333333335,False
2019-09-19,28.299999237060547,58.130001068115234,8182.8798828125,2.894,False
2019-09-20,27.989999771118164,58.09000015258789,8117.669921875,2.9186666666666667,False
2019-09-23,27.5,58.63999938964844,8112.4599609375,2.9926666666666666,False
2019-09-24,27.0,57.290000915527344,7993.6298828125,3.017333333333333,False
2019-09-25,27.440000534057617,56.4900016784668,8077.3798828125,3.042,False
2019-09-26,27.190000534057617,56.40999984741211,8030.66015625,3.0666666666666664,False
2019-09-27,27.010000228881836,55.90999984741211,7939.6298828125,3.091333333333333,False
2019-09-30,26.969999313354492,54.06999969482422,7999.33984375,3.1653333333333333,False
2019-10-01,26.799999237060547,53.619998931884766,7908.68017578125,3.19,False
2019-10-02,25.3700008392334,52.63999938964844,7785.25,3.1496774193548385,False
2019-10-03,25.270000457763672,52.45000076293945,7872.259765625,3.1093548387096774,False
2019-10-04,25.829999923706055,52.810001373291016,7982.47021484375,3.069032258064516,False
2019-10-07,25.829999923706055,52.75,7956.2900390625,2.9480645161290324,False
2019-10-08,26.260000228881836,52.630001068115234,7823.77978515625,2.907741935483871,False
2019-10-09,27.06999969482422,52.59000015258789,7903.740234375,2.8674193548387095,False
2019-10-10,27.18000030517578,53.54999923706055,7950.77978515625,2.8270967741935484,False
2019-10-11,27.360000610351562,54.70000076293945,8057.0400390625,2.786774193548387,False
2019-10-14,27.6200008392334,53.59000015258789,8048.64990234375,2.665806451612903,False
2019-10-15,28.270000457763672,52.810001373291016,8148.7099609375,2.625483870967742,False
2019-10-16,28.049999237060547,53.36000061035156,8124.18017578125,2.5851612903225805,False
2019-10-17,27.93000030517578,53.93000030517578,8156.85009765625,2.5448387096774194,False
2019-10-18,28.219999313354492,53.779998779296875,8089.5400390625,2.504516129032258,False
2019-10-21,28.6200008392334,53.310001373291016,8162.990234375,2.383548387096774,False
2019-10-22,28.260000228881836,54.15999984741211,8104.2998046875,2.343225806451613,False
2019-10-23,28.290000915527344,55.970001220703125,8119.7900390625,2.3029032258064515,False
2019-10-24,29.40999984741211,56.22999954223633,8185.7998046875,2.2625806451612904,False
2019-10-25,30.860000610351562,56.65999984741211,8243.1201171875,2.222258064516129,False
2019-10-28,31.360000610351562,55.810001373291016,8325.990234375,2.101290322580645,False
2019-10-29,30.920000076293945,55.540000915527344,8276.849609375,2.0609677419354835,False
2019-10-30,30.290000915527344,55.060001373291016,8303.98046875,2.0206451612903225,False
2019-10-31,30.059999465942383,54.18000030517578,8292.3603515625,1.9803225806451612,False
2019-11-01,30.559999465942383,56.20000076293945,8386.400390625,1.94,False
2019-11-04,30.950000762939453,56.540000915527344,8433.2001953125,2.003,False
2019-11-05,31.18000030517578,57.22999954223633,8434.6796875,2.024,False
2019-11-06,30.959999084472656,56.349998474121094,8410.6298828125,2.045,False
2019-11-07,30.889999389648438,57.150001525878906,8434.51953125,2.066,False
2019-11-08,30.760000228881836,57.2400016784668,8475.3095703125,2.0869999999999997,False
2019-11-11,30.59000015258789,56.86000061035156,8464.2802734375,2.15,False
2019-11-12,29.520000457763672,56.79999923706055,8486.08984375,2.171,False
2019-11-13,28.65999984741211,57.119998931884766,8482.099609375,2.1919999999999997,False
2019-11-14,28.770000457763672,56.77000045776367,8479.01953125,2.213,False
2019-11-15,28.860000610351562,57.720001220703125,8540.830078125,2.234,False
2019-11-18,28.600000381469727,57.04999923706055,8549.9404296875,2.2969999999999997,False
2019-11-19,29.290000915527344,55.209999084472656,8570.66015625,2.3179999999999996,False
2019-11-20,28.229999542236328,57.11000061035156,8526.73046875,2.339,False
2019-11-21,27.93000030517578,58.58000183105469,8506.2099609375,2.36,False
2019-11-22,28.68000030517578,57.77000045776367,8519.8798828125,2.381,False
2019-11-25,28.989999771118164,58.0099983215332,8632.490234375,2.444,False
2019-11-26,29.049999237060547,58.40999984741211,8647.9296875,2.465,False
2019-11-27,28.950000762939453,58.11000061035156,8705.1796875,2.4859999999999998,False
2019-11-29,28.739999771118164,55.16999816894531,8665.4697265625,2.5279999999999996,False
2019-12-02,28.079999923706055,55.959999084472656,8567.990234375,2.5761290322580646,False
2019-12-03,27.290000915527344,56.099998474121094,8520.6396484375,2.582258064516129,False
2019-12-04,27.3799991607666,58.43000030517578,8566.669921875,2.5883870967741935,False
2019-12-05,27.239999771118164,58.43000030517578,8570.7001953125,2.594516129032258,False
2019-12-06,27.729999542236328,59.20000076293945,8656.5302734375,2.6006451612903225,False
2019-12-09,27.489999771118164,59.02000045776367,8621.830078125,2.619032258064516,False
2019-12-10,27.0,59.2400016784668,8616.1796875,2.6251612903225805,False
2019-12-11,26.860000610351562,58.7599983215332,8654.0498046875,2.6312903225806448,False
2019-12-12,27.719999313354492,59.18000030517578,8717.3203125,2.6374193548387095,False
2019-12-13,27.479999542236328,60.06999969482422,8734.8798828125,2.643548387096774,False
2019-12-16,27.920000076293945,60.209999084472656,8814.23046875,2.6619354838709675,False
2019-12-17,28.280000686645508,60.939998626708984,8823.3603515625,2.668064516129032,False
2019-12-18,28.0,60.93000030517578,8827.740234375,2.6741935483870964,False
2019-12-19,28.549999237060547,61.220001220703125,8887.2197265625,2.680322580645161,False
2019-12-20,29.040000915527344,60.439998626708984,8924.9599609375,2.6864516129032254,False
2019-12-23,29.299999237060547,60.52000045776367,8945.650390625,2.704838709677419,False
2019-12-24,29.18000030517578,61.11000061035156,8952.8798828125,2.710967741935484,False
2019-12-26,29.670000076293945,61.68000030517578,9022.3896484375,2.723225806451613,False
2019-12-27,28.440000534057617,61.720001220703125,9006.6201171875,2.729354838709677,False
2019-12-30,28.299999237060547,61.68000030517578,8945.990234375,2.747741935483871,False
2019-12-31,28.68000030517578,61.060001373291016,8972.599609375,2.753870967741935,False
2020-01-02,29.09000015258789,61.18000030517578,9092.1904296875,2.75,False
2020-01-03,27.649999618530273,63.04999923706055,9020.76953125,2.7399999999999998,True
2020-01-06,27.31999969482422,63.27000045776367,9071.4697265625,2.71,True
2020-01-07,27.219999313354492,62.70000076293945,9068.580078125,2.6999999999999997,True
2020-01-08,27.84000015258789,59.61000061035156,9129.240234375,2.69,True
2020-01-09,27.950000762939453,59.560001373291016,9203.4296875,2.6799999999999997,True
2020-01-10,27.31999969482422,59.040000915527344,9178.8603515625,2.67,True
2020-01-13,27.389999389648438,58.08000183105469,9273.9296875,2.64,True
2020-01-14,27.530000686645508,58.22999954223633,9251.330078125,2.63,True
2020-01-15,27.579999923706055,57.810001373291016,9258.7001953125,2.62,True
2020-01-16,28.229999542236328,58.52000045776367,9357.1298828125,2.61,True
2020-01-17,28.399999618530273,58.540000915527344,9388.9404296875,2.6,True
2020-01-21,27.200000762939453,58.34000015258789,9370.8095703125,2.56,True
2020-01-22,27.31999969482422,56.7400016784668,9383.76953125,2.5500000000000003,True
2020-01-23,28.799999237060547,55.59000015258789,9402.48046875,2.54,True
2020-01-24,27.639999389648438,54.189998626708984,9314.91015625,2.5300000000000002,True
2020-01-27,26.110000610351562,53.13999938964844,9139.3095703125,2.5,True
2020-01-28,26.899999618530273,53.47999954223633,9269.6796875,2.49,True
2020-01-29,26.799999237060547,53.33000183105469,9275.16015625,2.48,True
2020-01-30,27.719999313354492,52.13999938964844,9298.9296875,2.47,True
2020-01-31,26.84000015258789,51.560001373291016,9150.9404296875,2.46,True
2020-02-03,27.15999984741211,50.11000061035156,9273.400390625,2.4782758620689656,True
2020-02-04,28.43000030517578,49.61000061035156,9467.9697265625,2.4924137931034482,True
2020-02-05,29.100000381469727,50.75,9508.6796875,2.5065517241379314,True
2020-02-06,28.299999237060547,50.95000076293945,9572.150390625,2.520689655172414,True
2020-02-07,28.3799991607666,50.31999969482422,9520.509765625,2.5348275862068967,True
2020-02-10,28.790000915527344,49.56999969482422,9628.3896484375,2.577241379310345,True
2020-02-11,29.84000015258789,49.939998626708984,9638.9404296875,2.5913793103448275,True
2020-02-12,30.469999313354492,51.16999816894531,9725.9599609375,2.60551724137931,True
2020-02-13,30.09000015258789,51.41999816894531,9711.9697265625,2.6196551724137933,True
2020-02-14,29.200000762939453,52.04999923706055,9731.1796875,2.633793103448276,True
2020-02-18,28.6299991607666,52.04999923706055,9732.740234375,2.6903448275862067,True
2020-02-19,28.329999923706055,53.290000915527344,9817.1796875,2.7044827586206894,True
2020-02-20,28.510000228881836,53.779998779296875,9750.9697265625,2.7186206896551726,True
2020-02-21,27.81999969482422,53.380001068115234,9576.58984375,2.7327586206896552,True
2020-02-24,25.450000762939453,51.43000030517578,9221.2802734375,2.7751724137931033,True
2020-02-25,23.1200008392334,49.900001525878906,8965.6103515625,2.789310344827586,True
2020-02-26,22.309999465942383,48.72999954223633,8980.7802734375,2.8034482758620687,True
2020-02-27,20.600000381469727,47.09000015258789,8566.48046875,2.817586206896552,True
2020-02-28,19.049999237060547,44.7599983215332,8567.3701171875,2.8317241379310345,True
2020-03-02,18.860000610351562,46.75,8952.169921875,2.849032258064516,True
2020-03-03,17.850000381469727,47.18000030517578,8684.08984375,2.838064516129032,True
2020-03-04,18.530000686645508,46.779998779296875,9018.08984375,2.8270967741935484,True
2020-03-05,16.040000915527344,45.900001525878906,8738.58984375,2.8161290322580643,True
2020-03-06,15.970000267028809,41.279998779296875,8575.6201171875,2.8051612903225807,True
2020-03-09,14.75,31.1299991607666,7950.68017578125,2.7722580645161288,True
2020-03-10,17.0,34.36000061035156,8344.25,2.761290322580645,True
2020-03-11,16.260000228881836,32.97999954223633,7952.0498046875,2.750322580645161,True
2020-03-12,13.449999809265137,31.5,7201.7998046875,2.7393548387096773,True
2020-03-13,14.3100004196167,31.729999542236328,7874.8798828125,2.7283870967741937,True
2020-03-16,15.920000076293945,28.700000762939453,6904.58984375,2.695483870967742,True
2020-03-17,15.579999923706055,26.950000762939453,7334.77978515625,2.684516129032258,True
2020-03-18,11.649999618530273,20.3700008392334,6989.83984375,2.673548387096774,True
2020-03-19,10.289999961853027,25.219999313354492,7150.580078125,2.6625806451612903,True
2020-03-20,10.380000114440918,22.43000030517578,6879.52001953125,2.6516129032258062,True
2020-03-23,10.25,23.360000610351562,6860.669921875,2.618709677419355,True
2020-03-24,13.920000076293945,24.010000228881836,7417.85986328125,2.607741935483871,True
2020-03-25,15.390000343322754,24.489999771118164,7384.2998046875,2.596774193548387,True
2020-03-26,15.65999984741211,22.600000381469727,7797.5400390625,2.5858064516129033,True
2020-03-27,14.039999961853027,21.510000228881836,7502.3798828125,2.5748387096774192,True
2020-03-30,12.25,20.09000015258789,7774.14990234375,2.541935483870968,True
2020-03-31,12.1899995803833,20.479999542236328,7700.10009765625,2.5309677419354837,True
2020-04-01,10.6899995803833,20.309999465942383,7360.580078125,2.52,True
2020-04-02,10.0600004196167,25.31999969482422,7487.31005859375,2.539,True
2020-04-03,9.390000343322754,28.34000015258789,7373.080078125,2.558,True
2020-04-06,9.5,26.079999923706055,7913.240234375,2.615,True
2020-04-07,10.220000267028809,23.6299991607666,7887.259765625,2.634,True
2020-04-08,11.329999923706055,25.09000015258789,8090.89990234375,2.653,True
2020-04-09,12.510000228881836,22.760000228881836,8153.580078125,2.672,True
2020-04-13,11.5600004196167,22.40999984741211,8192.419921875,2.7479999999999998,True
2020-04-14,11.949999809265137,20.110000610351562,8515.740234375,2.767,True
2020-04-15,12.289999961853027,19.8700008392334,8393.1796875,2.786,True
2020-04-16,11.069999694824219,19.8700008392334,8532.3603515625,2.8049999999999997,True
2020-04-17,11.569999694824219,18.84000015258789,8650.1396484375,2.824,True
2020-04-20,11.0600004196167,18.84000015258789,8560.73046875,2.881,True
2020-04-21,11.0,18.84000015258789,8263.23046875,2.9,True
2020-04-22,10.270000457763672,18.84000015258789,8495.3798828125,2.919,True
2020-04-23,10.25,18.84000015258789,8494.75,2.9379999999999997,True
2020-04-24,10.3100004196167,18.84000015258789,8634.51953125,2.957,True
2020-04-27,10.020000457763672,18.84000015258789,8730.16015625,3.014,True
2020-04-28,11.260000228881836,18.84000015258789,8607.73046875,3.033,True
2020-04-29,12.630000114440918,18.84000015258789,8914.7099609375,3.0519999999999996,True
2020-04-30,12.010000228881836,18.84000015258789,8889.5498046875,3.0709999999999997,True
2020-05-01,10.640000343322754,19.780000686645508,8604.9501953125,3.09,True
2020-05-04,9.819999694824219,20.389999389648438,8710.7099609375,3.0551612903225807,True
2020-05-05,9.510000228881836,24.559999465942383,8809.1201171875,3.043548387096774,True
2020-05-06,9.25,23.989999771118164,8854.3896484375,3.0319354838709676,True
2020-05-07,9.539999961853027,23.549999237060547,8979.66015625,3.020322580645161,True
2020-05-08,10.140000343322754,24.739999771118164,9121.3203125,3.008709677419355,True
2020-05-11,10.100000381469727,24.139999389648438,9192.33984375,2.9738709677419353,True
2020-05-12,9.649999618530273,25.780000686645508,9002.5498046875,2.9622580645161287,True
2020-05-13,9.109999656677246,25.290000915527344,8863.169921875,2.9506451612903226,True
2020-05-14,9.149999618530273,27.559999465942383,8943.7197265625,2.939032258064516,True
2020-05-15,9.039999961853027,29.43000030517578,9014.5595703125,2.9274193548387095,True
2020-05-18,9.869999885559082,31.81999969482422,9234.830078125,2.8925806451612903,True
2020-05-19,9.640000343322754,32.5,9185.099609375,2.8809677419354838,True
2020-05-20,9.869999885559082,33.4900016784668,9375.7802734375,2.8693548387096772,True
2020-05-21,9.890000343322754,33.91999816894531,9284.8798828125,2.857741935483871,True
2020-05-22,9.699999809265137,33.25,9324.58984375,2.8461290322580646,True
2020-05-26,11.140000343322754,34.349998474121094,9340.2197265625,2.799677419354839,True
2020-05-27,11.979999542236328,32.810001373291016,9412.3603515625,2.7880645161290323,True
2020-05-28,10.979999542236328,33.709999084472656,9368.990234375,2.7764516129032257,True
2020-05-29,10.5,35.4900016784668,9489.8701171875,2.764838709677419,True
2020-06-01,11.109999656677246,35.439998626708984,9552.0498046875,2.73,True
2020-06-02,11.220000267028809,36.810001373291016,9608.3798828125,2.737,True
2020-06-03,11.850000381469727,37.290000915527344,9682.91015625,2.7439999999999998,True
2020-06-04,16.719999313354492,37.40999984741211,9615.8095703125,2.751,True
2020-06-05,18.59000015258789,39.54999923706055,9814.080078125,2.758,True
2020-06-08,20.309999465942383,38.189998626708984,9924.75,2.779,True
2020-06-09,18.549999237060547,38.939998626708984,9953.75,2.786,True
2020-06-10,17.020000457763672,39.599998474121094,10020.349609375,2.793,True
2020-06-11,14.380000114440918,36.34000015258789,9492.73046875,2.8,True
2020-06-12,16.739999771118164,36.2599983215332,9588.8095703125,2.807,True
2020-06-15,16.700000762939453,37.119998931884766,9726.01953125,2.828,True
2020-06-16,17.030000686645508,38.380001068115234,9895.8701171875,2.835,True
2020-06-17,16.979999542236328,37.959999084472656,9910.5302734375,2.842,True
2020-06-18,16.489999771118164,38.84000015258789,9943.0498046875,2.8489999999999998,True
2020-06-19,16.0,39.75,9946.1201171875,2.856,True
2020-06-22,14.920000076293945,40.459999084472656,10056.48046875,2.877,True
2020-06-23,14.0,40.369998931884766,10131.3701171875,2.884,True
2020-06-24,13.039999961853027,38.0099983215332,9909.169921875,2.891,True
2020-06-25,13.170000076293945,38.720001220703125,10017.0,2.898,True
2020-06-26,12.380000114440918,38.4900016784668,9757.2197265625,2.905,True
2020-06-29,13.319999694824219,39.70000076293945,9874.150390625,2.926,True
2020-06-30,13.069999694824219,39.27000045776367,10058.76953125,2.933,True
2020-07-01,12.8100004196167,39.81999969482422,10154.6298828125,2.94,True
2020-07-02,12.5,40.650001525878906,10207.6298828125,2.923225806451613,True
2020-07-06,12.800000190734863,40.630001068115234,10433.650390625,2.8561290322580644,True
2020-07-07,11.90999984741211,40.619998931884766,10343.8896484375,2.8393548387096774,True
2020-07-08,11.989999771118164,40.900001525878906,10492.5,2.8225806451612905,True
2020-07-09,11.180000305175781,39.619998931884766,10547.75,2.805806451612903,True
2020-07-10,11.9399995803833,40.54999923706055,10617.4404296875,2.789032258064516,True
2020-07-13,11.630000114440918,40.099998474121094,10390.83984375,2.738709677419355,True
2020-07-14,11.569999694824219,40.290000915527344,10488.580078125,2.7219354838709675,True
2020-07-15,13.4399995803833,41.20000076293945,10550.490234375,2.7051612903225806,True
2020-07-16,12.449999809265137,40.75,10473.830078125,2.6883870967741936,True
2020-07-17,11.90999984741211,40.59000015258789,10503.1904296875,2.6716129032258062,True
2020-07-20,11.470000267028809,40.810001373291016,10767.08984375,2.621290322580645,True
2020-07-21,11.470000267028809,41.959999084472656,10680.3603515625,2.604516129032258,True
2020-07-22,11.359999656677246,41.900001525878906,10706.1298828125,2.587741935483871,True
2020-07-23,11.770000457763672,41.06999969482422,10461.419921875,2.5709677419354837,True
2020-07-24,11.390000343322754,41.290000915527344,10363.1796875,2.554193548387097,True
2020-07-27,11.390000343322754,41.599998474121094,10536.26953125,2.5038709677419355,True
2020-07-28,11.770000457763672,41.040000915527344,10402.08984375,2.4870967741935486,True
2020-07-29,11.399999618530273,41.27000045776367,10542.9404296875,2.470322580645161,True
2020-07-30,11.180000305175781,39.91999816894531,10587.8095703125,2.4535483870967743,True
2020-07-31,11.119999885559082,40.27000045776367,10745.26953125,2.436774193548387,True
2020-08-03,11.079999923706055,41.0099983215332,10902.7998046875,2.4212903225806452,True
2020-08-04,11.470000267028809,41.70000076293945,10941.169921875,2.4219354838709677,True
2020-08-05,12.5600004196167,42.189998626708984,10998.400390625,2.42258064516129,True
2020-08-06,13.039999961853027,41.95000076293945,11108.0703125,2.423225806451613,True
2020-08-07,13.029999732971191,41.220001220703125,11010.98046875,2.4238709677419354,True
2020-08-10,14.0,41.939998626708984,10968.3603515625,2.425806451612903,True
2020-08-11,13.729999542236328,41.61000061035156,10782.8203125,2.4264516129032256,True
2020-08-12,13.539999961853027,42.66999816894531,11012.240234375,2.4270967741935485,True
2020-08-13,13.300000190734863,42.2400016784668,11042.5,2.427741935483871,True
2020-08-14,13.329999923706055,42.0099983215332,11019.2998046875,2.4283870967741934,True
2020-08-17,12.619999885559082,42.88999938964844,11129.73046875,2.430322580645161,True
2020-08-18,12.600000381469727,42.88999938964844,11210.83984375,2.4309677419354836,True
2020-08-19,12.680000305175781,42.93000030517578,11146.4599609375,2.4316129032258065,True
2020-08-20,12.5,42.58000183105469,11264.9501953125,2.432258064516129,True
2020-08-21,12.15999984741211,42.34000015258789,11311.7998046875,2.4329032258064514,True
2020-08-24,13.4399995803833,42.619998931884766,11379.7197265625,2.434838709677419,True
2020-08-25,13.140000343322754,43.349998474121094,11466.4697265625,2.435483870967742,True
2020-08-26,12.789999961853027,43.38999938964844,11665.0595703125,2.4361290322580644,True
2020-08-27,13.279999732971191,43.040000915527344,11625.33984375,2.436774193548387,True
2020-08-28,13.59000015258789,42.970001220703125,11695.6298828125,2.4374193548387098,True
2020-08-31,13.050000190734863,42.61000061035156,11775.4599609375,2.4393548387096775,True
2020-09-01,13.100000381469727,42.7599983215332,11939.669921875,2.44,True
2020-09-02,13.229999542236328,41.5099983215332,12056.4404296875,2.4313333333333333,True
2020-09-03,13.359999656677246,41.369998931884766,11458.099609375,2.4226666666666667,True
2020-09-04,13.609999656677246,39.77000045776367,11313.1298828125,2.414,True
2020-09-08,13.630000114440918,36.7599983215332,10847.6904296875,2.3793333333333333,True
2020-09-09,13.050000190734863,38.04999923706055,11141.5595703125,2.3706666666666667,True
2020-09-10,13.010000228881836,37.29999923706055,10919.58984375,2.362,True
2020-09-11,12.949999809265137,37.33000183105469,10853.5498046875,2.3533333333333335,True
2020-09-14,13.260000228881836,37.2599983215332,11056.650390625,2.3273333333333333,True
2020-09-15,13.140000343322754,38.279998779296875,11190.3203125,2.3186666666666667,True
2020-09-16,13.800000190734863,40.15999984741211,11050.4697265625,2.31,True
2020-09-17,13.630000114440918,40.970001220703125,10910.2802734375,2.3013333333333335,True
2020-09-18,13.1899995803833,41.11000061035156,10793.2802734375,2.292666666666667,True
2020-09-21,12.210000038146973,39.310001373291016,10778.7998046875,2.2666666666666666,True
2020-09-22,12.34000015258789,39.599998474121094,10963.6396484375,2.258,True
2020-09-23,11.930000305175781,39.93000030517578,10632.990234375,2.2493333333333334,True
2020-09-24,11.770000457763672,40.310001373291016,10672.26953125,2.240666666666667,True
2020-09-25,12.289999961853027,40.25,10913.5595703125,2.232,True
2020-09-28,12.760000228881836,40.599998474121094,11117.5302734375,2.206,True
2020-09-29,12.25,39.290000915527344,11085.25,2.1973333333333334,True
2020-09-30,12.289999961853027,40.220001220703125,11167.509765625,2.1886666666666668,True
2020-10-01,12.579999923706055,38.720001220703125,11326.509765625,2.18,True
2020-10-02,13.0,37.04999923706055,11075.01953125,2.172258064516129,True
2020-10-05,13.119999885559082,39.220001220703125,11332.490234375,2.1490322580645165,True
2020-10-06,12.529999732971191,40.66999816894531,11154.599609375,2.1412903225806454,True
2020-10-07,13.069999694824219,39.95000076293945,11364.599609375,2.1335483870967744,True
2020-10-08,13.15999984741211,41.189998626708984,11420.98046875,2.1258064516129034,True
2020-10-09,13.199999809265137,40.599998474121094,11579.9404296875,2.1180645161290323,True
2020-10-12,12.920000076293945,39.43000030517578,11876.259765625,2.0948387096774193,True
2020-10-13,12.220000267028809,40.20000076293945,11863.900390625,2.0870967741935487,True
2020-10-14,12.359999656677246,41.040000915527344,11768.73046875,2.0793548387096776,True
2020-10-15,12.229999542236328,40.959999084472656,11713.8701171875,2.0716129032258066,True
2020-10-16,12.460000038146973,40.880001068115234,11671.5595703125,2.0638709677419356,True
2020-10-19,12.5600004196167,40.83000183105469,11478.8798828125,2.0406451612903225,True
2020-10-20,12.800000190734863,41.459999084472656,11516.490234375,2.0329032258064514,True
2020-10-21,12.75,40.029998779296875,11484.6904296875,2.025161290322581,True
2020-10-22,13.149999618530273,40.63999938964844,11506.009765625,2.01741935483871,True
2020-10-23,12.600000381469727,39.849998474121094,11548.2802734375,2.009677419354839,True
2020-10-26,11.800000190734863,38.560001373291016,11358.9404296875,1.9864516129032257,True
2020-10-27,11.229999542236328,39.56999969482422,11431.349609375,1.9787096774193549,True
2020-10-28,10.949999809265137,37.38999938964844,11004.8701171875,1.9709677419354839,True
2020-10-29,11.15999984741211,36.16999816894531,11185.58984375,1.9632258064516128,True
2020-10-30,11.279999732971191,35.790000915527344,10911.58984375,1.9554838709677418,True
2020-11-02,11.1899995803833,36.810001373291016,10957.6103515625,1.9436666666666667,True
2020-11-03,11.25,37.65999984741211,11160.5703125,1.9473333333333334,True
2020-11-04,11.010000228881836,39.150001525878906,11590.7802734375,1.9509999999999998,True
2020-11-05,11.600000381469727,38.790000915527344,11890.9296875,1.9546666666666666,True
2020-11-06,11.460000038146973,37.13999938964844,11895.23046875,1.9583333333333333,True
2020-11-09,13.199999809265137,40.290000915527344,11713.7802734375,1.9693333333333332,True
2020-11-10,12.380000114440918,41.36000061035156,11553.8603515625,1.9729999999999999,True
2020-11-11,12.039999961853027,41.45000076293945,11786.4296875,1.9766666666666666,True
2020-11-12,11.739999771118164,41.119998931884766,11709.58984375,1.9803333333333333,True
2020-11-13,12.239999771118164,40.130001068115234,11829.2900390625,1.984,True
2020-11-16,12.789999961853027,41.34000015258789,11924.1298828125,1.9949999999999999,True
2020-11-17,12.699999809265137,41.43000030517578,11899.33984375,1.9986666666666666,True
2020-11-18,12.739999771118164,41.81999969482422,11801.599609375,2.002333333333333,True
2020-11-19,12.789999961853027,41.7400016784668,11904.7099609375,2.006,True
2020-11-20,12.529999732971191,42.150001525878906,11854.9697265625,2.0096666666666665,True
2020-11-23,13.5600004196167,43.060001373291016,11880.6298828125,2.0206666666666666,True
2020-11-24,14.819999694824219,44.90999984741211,12036.7900390625,2.0243333333333333,True
2020-11-25,14.9399995803833,45.709999084472656,12094.400390625,2.028,True
2020-11-27,14.979999542236328,45.529998779296875,12205.849609375,2.035333333333333,True
2020-11-30,14.130000114440918,45.34000015258789,12198.740234375,2.046333333333333,True
2020-12-01,14.270000457763672,44.54999923706055,12355.1103515625,2.05,True
2020-12-02,14.859999656677246,45.279998779296875,12349.3701171875,2.051290322580645,True
2020-12-03,16.09000015258789,45.63999938964844,12377.1796875,2.05258064516129,True
2020-12-04,16.399999618530273,46.2599983215332,12464.23046875,2.0538709677419353,True
2020-12-07,17.209999084472656,45.7599983215332,12519.9501953125,2.057741935483871,True
2020-12-08,17.6299991607666,45.599998474121094,12582.76953125,2.059032258064516,True
2020-12-09,17.15999984741211,45.52000045776367,12338.9501953125,2.060322580645161,True
2020-12-10,17.989999771118164,46.779998779296875,12405.8095703125,2.0616129032258064,True
2020-12-11,17.049999237060547,46.56999969482422,12377.8701171875,2.0629032258064512,True
2020-12-14,16.700000762939453,46.9900016784668,12440.0400390625,2.0667741935483868,True
2020-12-15,17.010000228881836,47.619998931884766,12595.0595703125,2.068064516129032,True
2020-12-16,16.860000610351562,47.81999969482422,12658.1904296875,2.0693548387096774,True
2020-12-17,16.799999237060547,48.36000061035156,12764.75,2.0706451612903223,True
2020-12-18,16.510000228881836,49.099998474121094,12755.6396484375,2.0719354838709676,True
2020-12-21,16.100000381469727,47.7400016784668,12742.51953125,2.075806451612903,True
2020-12-22,15.479999542236328,47.02000045776367,12807.919921875,2.0770967741935484,True
2020-12-23,15.890000343322754,48.119998931884766,12771.1103515625,2.0783870967741933,True
2020-12-24,15.65999984741211,48.22999954223633,12804.73046875,2.0796774193548386,True
2020-12-28,16.059999465942383,47.619998931884766,12899.419921875,2.084838709677419,True
2020-12-29,15.859999656677246,48.0,12850.2197265625,2.0861290322580643,True
2020-12-30,16.149999618530273,48.400001525878906,12870.0,2.0874193548387097,True
2020-12-31,15.770000457763672,48.52000045776367,12888.2802734375,2.0887096774193545,True
2021-01-04,15.130000114440918,47.619998931884766,12698.4501953125,2.0841935483870966,True
2021-01-05,15.430000305175781,49.93000030517578,12818.9599609375,2.082258064516129,True
2021-01-06,15.520000457763672,50.630001068115234,12740.7900390625,2.080322580645161,True
2021-01-07,15.380000114440918,50.83000183105469,13067.48046875,2.0783870967741933,True
2021-01-08,15.130000114440918,52.2400016784668,13201.98046875,2.0764516129032256,True
2021-01-11,15.0,52.25,13036.4296875,2.0706451612903223,True
2021-01-12,15.380000114440918,53.209999084472656,13072.4296875,2.0687096774193545,True
2021-01-13,15.529999732971191,52.90999984741211,13128.9501953125,2.0667741935483868,True
2021-01-14,16.440000534057617,53.56999969482422,13112.6396484375,2.064838709677419,True
2021-01-15,15.760000228881836,52.36000061035156,12998.5,2.0629032258064512,True
2021-01-19,15.970000267028809,52.97999954223633,13197.1796875,2.0551612903225807,True
2021-01-20,16.170000076293945,53.2400016784668,13457.25,2.053225806451613,True
2021-01-21,15.829999923706055,53.130001068115234,13530.91015625,2.051290322580645,True
2021-01-22,15.819999694824219,52.27000045776367,13543.0595703125,2.0493548387096774,True
2021-01-25,15.430000305175781,52.77000045776367,13635.990234375,2.043548387096774,True
2021-01-26,15.529999732971191,52.61000061035156,13626.0595703125,2.0416129032258064,True
2021-01-27,16.559999465942383,52.849998474121094,13270.599609375,2.0396774193548386,True
2021-01-28,18.100000381469727,52.34000015258789,13337.16015625,2.037741935483871,True
2021-01-29,17.170000076293945,52.20000076293945,13070.6904296875,2.035806451612903,True
2021-02-01,16.84000015258789,53.54999923706055,13403.3896484375,2.03,True
2021-02-02,16.59000015258789,54.7599983215332,13612.7802734375,2.0478571428571426,True
2021-02-03,17.600000381469727,55.689998626708984,13610.5400390625,2.0657142857142854,True
2021-02-04,17.399999618530273,56.22999954223633,13777.740234375,2.083571428571428,True
2021-02-05,17.190000534057617,56.849998474121094,13856.2998046875,2.1014285714285714,True
2021-02-08,17.770000457763672,57.970001220703125,13987.6396484375,2.155,True
2021-02-09,17.440000534057617,58.36000061035156,14007.7001953125,2.1728571428571426,True
2021-02-10,17.40999984741211,58.68000030517578,13972.5302734375,2.1907142857142854,True
2021-02-11,16.989999771118164,58.2400016784668,14025.76953125,2.208571428571428,True
2021-02-12,17.270000457763672,59.470001220703125,14095.4697265625,2.2264285714285714,True
2021-02-16,17.81999969482422,60.04999923706055,14047.5,2.2978571428571426,True
2021-02-17,17.989999771118164,61.13999938964844,13965.490234375,2.3157142857142854,True
2021-02-18,17.709999084472656,60.52000045776367,13865.3603515625,2.333571428571428,True
2021-02-19,18.68000030517578,59.2400016784668,13874.4599609375,2.3514285714285714,True
2021-02-22,20.440000534057617,61.4900016784668,13533.0498046875,2.405,True
2021-02-23,20.65999984741211,61.66999816894531,13465.2001953125,2.4228571428571426,True
2021-02-24,21.81999969482422,63.220001220703125,13597.9697265625,2.4407142857142854,True
2021-02-25,20.860000610351562,63.529998779296875,13119.4296875,2.458571428571428,True
2021-02-26,20.940000534057617,61.5,13192.349609375,2.4764285714285714,True
2021-03-01,21.18000030517578,60.63999938964844,13588.830078125,2.53,True
2021-03-02,21.440000534057617,59.75,13358.7900390625,2.5151612903225806,True
2021-03-03,22.170000076293945,61.279998779296875,12997.75,2.500322580645161,True
2021-03-04,21.239999771118164,63.83000183105469,12723.4697265625,2.485483870967742,True
2021-03-05,20.450000762939453,66.08999633789062,12920.150390625,2.470645161290322,True
2021-03-08,21.469999313354492,65.05000305175781,12609.16015625,2.426129032258064,True
2021-03-09,21.600000381469727,64.01000213623047,13073.8203125,2.411290322580645,True
2021-03-10,21.75,64.44000244140625,13068.830078125,2.396451612903226,True
2021-03-11,22.149999618530273,66.0199966430664,13398.669921875,2.381612903225806,True
2021-03-12,23.3700008392334,65.61000061035156,13319.8603515625,2.366774193548387,True
2021-03-15,25.170000076293945,65.38999938964844,13459.7099609375,2.322258064516129,True
2021-03-16,24.469999313354492,64.80000305175781,13471.5703125,2.3074193548387094,True
2021-03-17,25.15999984741211,64.5999984741211,13525.2001953125,2.2925806451612902,True
2021-03-18,24.700000762939453,60.0,13116.169921875,2.2777419354838706,True
2021-03-19,24.969999313354492,61.41999816894531,13215.240234375,2.2629032258064514,True
2021-03-22,23.829999923706055,61.54999923706055,13377.5400390625,2.2183870967741934,True
2021-03-23,22.270000457763672,57.7599983215332,13227.7001953125,2.203548387096774,True
2021-03-24,21.809999465942383,61.18000030517578,12961.8896484375,2.1887096774193546,True
2021-03-25,22.770000457763672,58.560001373291016,12977.6796875,2.1738709677419354,True
2021-03-26,22.93000030517578,60.970001220703125,13138.73046875,2.159032258064516,True
2021-03-29,22.90999984741211,61.560001373291016,13059.650390625,2.114516129032258,True
2021-03-30,24.1200008392334,60.54999923706055,13045.3896484375,2.0996774193548386,True
2021-03-31,23.899999618530273,59.15999984741211,13246.8701171875,2.084838709677419,True
2021-04-01,23.860000610351562,61.45000076293945,13480.1103515625,2.07,True
2021-04-05,24.229999542236328,58.650001525878906,13705.58984375,2.1926666666666668,True
2021-04-06,24.059999465942383,59.33000183105469,13698.3798828125,2.223333333333333,True
2021-04-07,23.93000030517578,59.77000045776367,13688.83984375,2.254,True
2021-04-08,23.649999618530273,59.599998474121094,13829.3095703125,2.2846666666666664,True
2021-04-09,23.540000915527344,59.31999969482422,13900.1904296875,2.3153333333333332,True
2021-04-12,22.90999984741211,59.70000076293945,13850.0,2.4073333333333333,True
2021-04-13,22.559999465942383,60.18000030517578,13996.099609375,2.438,True
2021-04-14,22.3700008392334,63.150001525878906,13857.83984375,2.4686666666666666,True
2021-04-15,22.1299991607666,63.459999084472656,14038.759765625,2.4993333333333334,True
2021-04-16,22.030000686645508,63.130001068115234,14052.33984375,2.5300000000000002,True
2021-04-19,21.549999237060547,63.380001068115234,13914.76953125,2.622,True
2021-04-20,20.3700008392334,62.439998626708984,13786.26953125,2.6526666666666667,True
2021-04-21,21.010000228881836,61.349998474121094,13950.2197265625,2.6833333333333336,True
2021-04-22,20.06999969482422,61.43000030517578,13818.41015625,2.714,True
2021-04-23,21.110000610351562,62.13999938964844,14016.8095703125,2.744666666666667,True
2021-04-26,22.040000915527344,61.90999984741211,14138.7802734375,2.836666666666667,True
2021-04-27,21.760000228881836,62.939998626708984,14090.2197265625,2.8673333333333337,True
2021-04-28,21.700000762939453,63.86000061035156,14051.0302734375,2.898,True
2021-04-29,21.299999237060547,65.01000213623047,14082.5498046875,2.928666666666667,True
2021-04-30,21.719999313354492,63.58000183105469,13962.6796875,2.9593333333333334,True
2021-05-03,21.950000762939453,64.48999786376953,13895.1201171875,2.9893548387096778,True
2021-05-04,21.420000076293945,65.69000244140625,13633.5,2.9890322580645163,True
2021-05-05,21.56999969482422,65.62999725341797,13582.419921875,2.988709677419355,True
2021-05-06,21.489999771118164,64.70999908447266,13632.83984375,2.988387096774194,True
2021-05-07,22.0,64.9000015258789,13752.240234375,2.9880645161290325,True
2021-05-10,22.0,64.91999816894531,13401.8603515625,2.9870967741935486,True
2021-05-11,21.56999969482422,65.27999877929688,13389.4296875,2.986774193548387,True
2021-05-12,20.760000228881836,66.08000183105469,13031.6796875,2.986451612903226,True
2021-05-13,21.209999084472656,63.81999969482422,13124.990234375,2.9861290322580647,True
2021-05-14,22.399999618530273,65.37000274658203,13429.98046875,2.9858064516129033,True
2021-05-17,23.350000381469727,66.2699966430664,13379.0498046875,2.9848387096774194,True
2021-05-18,23.559999465942383,65.48999786376953,13303.6396484375,2.984516129032258,True
2021-05-19,22.969999313354492,63.36000061035156,13299.740234375,2.984193548387097,True
2021-05-20,22.600000381469727,62.04999923706055,13535.740234375,2.9838709677419355,True
2021-05-21,22.56999969482422,63.58000183105469,13470.990234375,2.983548387096774,True
2021-05-24,22.989999771118164,66.05000305175781,13661.169921875,2.98258064516129,True
2021-05-25,23.209999084472656,66.06999969482422,13657.169921875,2.982258064516129,True
2021-05-26,23.899999618530273,66.20999908447266,13738.0,2.9819354838709677,True
2021-05-27,24.43000030517578,66.8499984741211,13736.2802734375,2.9816129032258063,True
2021-05-28,24.239999771118164,66.31999969482422,13748.740234375,2.9812903225806453,True
